<AnimalVisits>
    <Visit>
        <AnimalID>1</AnimalID>
        <VisitorID>2</VisitorID>
        <VisitDate>2024-11-01</VisitDate>
    </Visit>
    <Visit>
        <AnimalID>2</AnimalID>
        <VisitorID>3</VisitorID>
        <VisitDate>2024-11-05</VisitDate>
    </Visit>
    <Visit>
        <AnimalID>3</AnimalID>
        <VisitorID>2</VisitorID>ª
        <VisitDate>2024-11-08</VisitDate>
    </Visit>
    <Visit>
        <AnimalID>4</AnimalID>
        <VisitorID>1</VisitorID>
        <VisitDate>2024-11-10</VisitDate>
    </Visit>
    <Visit>
        <AnimalID>3</AnimalID>
        <VisitorID>3</VisitorID>
        <VisitDate>2024-11-15</VisitDate>
    </Visit>
    <Visit>
        <AnimalID>4</AnimalID>
        <VisitorID>2</VisitorID>
        <VisitDate>2024-11-20</VisitDate>
    </Visit>
</AnimalVisits>
