{
  "formatVersion": 1,
  "database": {
    "version": 2,
    "identityHash": "683bfa4813bc850cac6fe464ce9dbe16",
    "entities": [
      {
        "tableName": "consolas",
        "createSql": "CREATE TABLE IF NOT EXISTS `${TABLE_NAME}` (`consolaId` INTEGER PRIMARY KEY AUTOINCREMENT NOT NULL, `nombre` TEXT NOT NULL, `modelo` TEXT NOT NULL, `precio` REAL NOT NULL)",
        "fields": [
          {
            "fieldPath": "consolaId",
            "columnName": "consolaId",
            "affinity": "INTEGER",
            "notNull": true
          },
          {
            "fieldPath": "nombre",
            "columnName": "nombre",
            "affinity": "TEXT",
            "notNull": true
          },
          {
            "fieldPath": "modelo",
            "columnName": "modelo",
            "affinity": "TEXT",
            "notNull": true
          },
          {
            "fieldPath": "precio",
            "columnName": "precio",
            "affinity": "REAL",
            "notNull": true
          }
        ],
        "primaryKey": {
          "autoGenerate": true,
          "columnNames": [
            "consolaId"
          ]
        },
        "indices": [],
        "foreignKeys": []
      },
      {
        "tableName": "jugadores",
        "createSql": "CREATE TABLE IF NOT EXISTS `${TABLE_NAME}` (`jugadorId` INTEGER PRIMARY KEY AUTOINCREMENT NOT NULL, `username` TEXT NOT NULL, `password` TEXT NOT NULL)",
        "fields": [
          {
            "fieldPath": "jugadorId",
            "columnName": "jugadorId",
            "affinity": "INTEGER",
            "notNull": true
          },
          {
            "fieldPath": "username",
            "columnName": "username",
            "affinity": "TEXT",
            "notNull": true
          },
          {
            "fieldPath": "password",
            "columnName": "password",
            "affinity": "TEXT",
            "notNull": true
          }
        ],
        "primaryKey": {
          "autoGenerate": true,
          "columnNames": [
            "jugadorId"
          ]
        },
        "indices": [],
        "foreignKeys": []
      },
      {
        "tableName": "PlayerConsoleCrossRef",
        "createSql": "CREATE TABLE IF NOT EXISTS `${TABLE_NAME}` (`jugadorId` INTEGER NOT NULL, `consolaId` INTEGER NOT NULL, PRIMARY KEY(`jugadorId`, `consolaId`))",
        "fields": [
          {
            "fieldPath": "jugadorId",
            "columnName": "jugadorId",
            "affinity": "INTEGER",
            "notNull": true
          },
          {
            "fieldPath": "consolaId",
            "columnName": "consolaId",
            "affinity": "INTEGER",
            "notNull": true
          }
        ],
        "primaryKey": {
          "autoGenerate": false,
          "columnNames": [
            "jugadorId",
            "consolaId"
          ]
        },
        "indices": [],
        "foreignKeys": []
      }
    ],
    "views": [],
    "setupQueries": [
      "CREATE TABLE IF NOT EXISTS room_master_table (id INTEGER PRIMARY KEY,identity_hash TEXT)",
      "INSERT OR REPLACE INTO room_master_table (id,identity_hash) VALUES(42, '683bfa4813bc850cac6fe464ce9dbe16')"
    ]
  }
}