[
  {
    "nombre": "adrian",
    "password": "adrian",
    "gruposSecretos": [
      "1",
      "fentanilo"
    ],
    "gruposPublicos": [
      "general",
      "patata"
    ],
    "mensajesRecibidos": [
      {
        "remitente": "el",
        "texto": "ese"
      },
      {
        "remitente": "ele",
        "texto": "esa"
      },
      {
        "remitente": "juanca",
        "texto": "hola gente"
      },
      {
        "remitente": "manu",
        "texto": "bienvenido al narcotrafico"
      }
    ],
    "ingreso": true
  },
  {
    "nombre": "ana",
    "password": "ana",
    "gruposSecretos": [],
    "gruposPublicos": [],
    "mensajesRecibidos": [
      {
        "remitente": "juanca",
        "texto": "hola gente"
      },
      {
        "remitente": "adrian",
        "texto": "prueba"
      }
    ],
    "ingreso": false
  },
  {
    "nombre": "juanca",
    "password": "juanca",
    "gruposSecretos": [
      "1"
    ],
    "gruposPublicos": [
      "general"
    ],
    "mensajesRecibidos": [
      {
        "remitente": "adrian",
        "texto": "hola juanca"
      }
    ],
    "ingreso": false
  },
  {
    "nombre": "manu",
    "password": "manu",
    "gruposSecretos": [
      "fentanilo"
    ],
    "gruposPublicos": [],
    "mensajesRecibidos": [],
    "ingreso": false
  }
]