{
  "formatVersion": 1,
  "database": {
    "version": 6,
    "identityHash": "142ed567d0cda77c248a7851f83d23ae",
    "entities": [
      {
        "tableName": "patients",
        "createSql": "CREATE TABLE IF NOT EXISTS `${TABLE_NAME}` (`id` INTEGER NOT NULL, `name` TEXT NOT NULL, `birthDate` TEXT NOT NULL, `phone` TEXT NOT NULL, `paid` REAL NOT NULL, `userNanme` TEXT NOT NULL, `password` TEXT NOT NULL, PRIMARY KEY(`id`))",
        "fields": [
          {
            "fieldPath": "id",
            "columnName": "id",
            "affinity": "INTEGER",
            "notNull": true
          },
          {
            "fieldPath": "name",
            "columnName": "name",
            "affinity": "TEXT",
            "notNull": true
          },
          {
            "fieldPath": "birthDate",
            "columnName": "birthDate",
            "affinity": "TEXT",
            "notNull": true
          },
          {
            "fieldPath": "phone",
            "columnName": "phone",
            "affinity": "TEXT",
            "notNull": true
          },
          {
            "fieldPath": "paid",
            "columnName": "paid",
            "affinity": "REAL",
            "notNull": true
          },
          {
            "fieldPath": "userNanme",
            "columnName": "userNanme",
            "affinity": "TEXT",
            "notNull": true
          },
          {
            "fieldPath": "password",
            "columnName": "password",
            "affinity": "TEXT",
            "notNull": true
          }
        ],
        "primaryKey": {
          "autoGenerate": false,
          "columnNames": [
            "id"
          ]
        },
        "indices": [],
        "foreignKeys": []
      }
    ],
    "views": [],
    "setupQueries": [
      "CREATE TABLE IF NOT EXISTS room_master_table (id INTEGER PRIMARY KEY,identity_hash TEXT)",
      "INSERT OR REPLACE INTO room_master_table (id,identity_hash) VALUES(42, '142ed567d0cda77c248a7851f83d23ae')"
    ]
  }
}