[
  {
    "texto": "uv7SocBoFGJdAcWhRgvWv9J_RkbtSUaswfu4yfrCtx3ZvkvWywKeBtZdOy-ibr7ZFHRMBMk\u003d",
    "fecha": "2024-11-19T17:03:21.316880",
    "owner": {
      "nombre": "bla"
    },
    "firma": "MIGHAkEE2UvDRb+ZWshW0hLVrn8xejSdOB6XQwa0DCjSDd/Cy2RIRQJhKxrHwakFrTE+5eOpv5rZEk2DMEEJnnB2rMMZnAJCAQ0nxV+vMOxxSFP5RC7NS9lWick9DU36h4Zk0dLuRPq5iKaFOJgPgm+17zWIlMQyE1vp5GVLiH8W7Tp+jKNbBhFA",
    "destinatarios": [
      {
        "nombre": "blu"
      }
    ],
    "group": "blabla"
  },
  {
    "texto": "E-b69b8Bzr7HTTL7T2GjuV0mQbgbsutg6Qit-2tgDN_vnPd4gw660ag8DkAxS63WIP_LtJfYAJKtEvo\u003d",
    "fecha": "2024-11-19T17:04:08.461634700",
    "owner": {
      "nombre": "bla"
    },
    "firma": "MIGHAkFxTwlGQytkbvMRNQKYtvqxcYlbVGlYws/a/kFvSaYL2Z3BzFt1y4EoMPtISaG3iuZ5XGIQ0NEHSIe8dVQv9Q2zPwJCAUCZQGyT1cPnUiHKHSy/M3AAqf4Sz+E3+X+9EmChW8Q29XteHh+fT3ulYO/hOlRxAljop001TaZhnpAzl4IgVgD2",
    "destinatarios": [
      {
        "nombre": "bla"
      },
      {
        "nombre": "blu"
      }
    ],
    "group": "blabla"
  },
  {
    "texto": "mgVlwAM81NIlGsVexeS8S1tc-uK7sbn80jVrqI6uJQTsrKzKU4SK8xDPpJ_vynUVWgKnWbtBJbU\u003d",
    "fecha": "2024-11-19T17:20:15.352170600",
    "owner": {
      "nombre": "bli"
    },
    "firma": "MIGIAkIBRIWDfVybKhmYskzR8Jyo+5y6d6+bBovAXQopYecZtUvbi4amrBRcqw0s2DMtHKGvkC0s0JNHFq/VfgzWYWsPqhUCQgES4SGfReoYvwzHWYsklIPrjBVI9Y5MvyifCrKfp3XpLU6Z9Zhs771nB5jlyJTgwXRCYCX33LQaklu9toOhb1h7sA\u003d\u003d",
    "destinatarios": [
      {
        "nombre": "ble"
      },
      {
        "nombre": "blu"
      }
    ],
    "group": "blabla"
  },
  {
    "texto": "eqaIKurT5pmmtWP_X7bYXkmCT2k0dx3IHu9pqfpyqjH8QYOl-HD3QGZbSgzBWpjA_fu0y9i3_ls\u003d",
    "fecha": "2024-11-19T20:26:33.111463500",
    "owner": {
      "nombre": "bli"
    },
    "firma": "MIGHAkIBFEt9ohZRGtRHE2Fgr6jM//2V40RIKgYx2wYc+1Cq97eScQghtD/gXz+C20OvshShl/BR7+XTsodbHVCyWVQmjMkCQQxuKC6HAA25kkfB5Z6lRPyrAZiOoZW7kve5fuZkgRdVh0SRkg2NnnW+Au47WB5D2mVO9vp5MGMAYeNPvaqIkH1K",
    "destinatarios": [
      {
        "nombre": "bla"
      },
      {
        "nombre": "blu"
      }
    ],
    "group": "blabla"
  },
  {
    "texto": "sQ5T2YXnFwMavhT8vK3zwInHvf6lVKAXCeOILLbJjiyfklKWBhrLvNX3HIma0srXJh8\u003d",
    "fecha": "2024-11-23T19:21:01.039439600",
    "owner": {
      "nombre": "bla"
    },
    "firma": "MIGIAkIAztsZ2NKNddSSGFUoqa6Y5Fky5R+wajzJA+5WOZJa60CbxmesUX8iQo4qn0IFSBjXypY91FV51pymB0coD/uJKfYCQgCA9vn5/SayC1kTsdlqViZKbhHunqyeB5zyVM9cex/IxJ33gx0xg+xCEr7izOhDR4MPGFk/y1qgXly3pf2XzoUENw\u003d\u003d",
    "destinatarios": [
      {
        "nombre": "blu"
      },
      {
        "nombre": "bla"
      },
      {
        "nombre": "ble"
      },
      {
        "nombre": "bli"
      }
    ],
    "group": "blabla"
  },
  {
    "texto": "eioRKdF5N90CjJeZGBI3lCPpKSqdfkT8xpjvWVIVSeKB4YcuS-ulNPBfRxSby91cGsi-6AM\u003d",
    "fecha": "2024-11-23T19:21:05.137545700",
    "owner": {
      "nombre": "bla"
    },
    "firma": "MIGIAkIB2in/GQJCCl6LHGdwNUnZSjlEwt9qLcPmT+hNoxKv3a3eGYPi1NW3spEo1dO9btQsGliXYw27eoFgD+z1zE2gIl8CQgFcVtbdmcHMXFwQH/Gf3LmtK9b8cz6wYrQUVgZMbr8KqaT5r0PKi3mYxXH9bzxhoOGw6ecx4uHSfoUV5wjSkrt/Rg\u003d\u003d",
    "destinatarios": [
      {
        "nombre": "blu"
      },
      {
        "nombre": "bla"
      },
      {
        "nombre": "ble"
      },
      {
        "nombre": "bli"
      }
    ],
    "group": "blabla"
  },
  {
    "texto": "XjDSYhdQLHWuts3hMSnSA3Xnfh1zQGAi_Trc82EocLqbF28v-k9tH1w3LTHPXuBP5cv83gc\u003d",
    "fecha": "2024-11-23T19:44:47.409613300",
    "owner": {
      "nombre": "bla"
    },
    "firma": "MIGHAkIAksw1sLdCCQxs/5mca2uZQMyowRRhGCIGcEPuR+aZ/z+5xDBt9qZm1n7oygxVSddxWsWHne33p5sAsqXho3MOHUMCQV/IjCirbhmniEVin8HJ5Iu0a5DDxzdR1jIal+JXMjrBzquaNEtibeNyay9v37Ibw5vich3rejq3mMz18rtYgswq",
    "destinatarios": [
      {
        "nombre": "blu"
      },
      {
        "nombre": "bla"
      },
      {
        "nombre": "ble"
      },
      {
        "nombre": "bli"
      }
    ],
    "group": "blabla"
  },
  {
    "texto": "Oh8GhpxNCoc_0AxW4KM_ivwPmUm6QCSU2C-1zgiIlUcAVlRZxKNd3D1Ale_noOFe6KAsXKA\u003d",
    "fecha": "2024-11-23T20:17:50.833092500",
    "owner": {
      "nombre": "bli"
    },
    "firma": "MIGHAkIBcivRWmgyu7BXXZ4cl/Ne2e+cyNBtZPULlXiRzzjWxVD7JH2PtApwPCVqWyL3TtDcRvq5MzEuqWy9xtfg2gIP1/wCQV79hEnJIadRcOc8x0rk4SLAQmGdcHJyJ/isattMiJdaLKcZ2Qb9IMqex2URU0t26/0O0hX1CmcBjKnkD8zLkvB+",
    "destinatarios": [
      {
        "nombre": "bli"
      }
    ],
    "group": "genial"
  },
  {
    "texto": "7o8fZSS9-13SGPVuylt56ERV9jFFWAL39WJXZxDDQbVOiDFrk8JaxsYVOqS7lo0VX0c\u003d",
    "fecha": "2024-11-23T20:17:53.185342600",
    "owner": {
      "nombre": "bli"
    },
    "firma": "MIGIAkIB4QvqSd7aH3zTfcst7y3e4O3RdWp4OEi7j2Ly8FnDDNI1mmZxeUI++9izN2UROeB65OLyd55qDc8Cl/b054iRc/gCQgC3njQHAe4FNM/FeQEBePHtM6UoQnvp8hslX4BKppUYbzXLjMfpwesCVrjlE9huO/80VbrYg1rlJ2tApONYndl9SQ\u003d\u003d",
    "destinatarios": [
      {
        "nombre": "bli"
      }
    ],
    "group": "genial"
  },
  {
    "texto": "6qaEnR6vYaKpd5pV5GtWN5k6lHVNw497y79I2QlVneJvjIICScIZDGUzpxvQq9Lrcn0\u003d",
    "fecha": "2024-11-23T20:18:06.802593700",
    "owner": {
      "nombre": "bli"
    },
    "firma": "MIGHAkIA9K5Rn/m0C9EBZYhDkv0by1mC2KdeAAn9eJngaYZCfHnho4q0G5AlzURKaH3rvQMiZ2TsTHsdoAAHnqRU+ZQvIdwCQVWTanVV+itbt5HuxlQb1EioK/o5GjViCd0oZ6cQYHBdFaw5yI0qapA13miYh6s8lnpAx6wXcYpeUYvjgK9IfqFE",
    "destinatarios": [
      {
        "nombre": "blu"
      },
      {
        "nombre": "bla"
      },
      {
        "nombre": "ble"
      },
      {
        "nombre": "bli"
      }
    ],
    "group": "blabla"
  },
  {
    "texto": "75IQe--F1gSc7xvPikjz_2tP97rtJEJUGv5AW3W_8yQHxA_C6UPi0BC1UAz24kGUdLcn",
    "fecha": "2024-11-23T23:25:31.891318900",
    "owner": {
      "nombre": "bli"
    },
    "firma": "MIGIAkIBVrvmXkywEvHK7s0qsJrMcrxNoF8EOBNbA1nEhmFv4VK1DKJrF7FUiDuz5xtEXMseproGPq922ahvOkrF4lghnPkCQgDFO4l/xRJRy8qWbpxQz38xWfNRVOK4P6obTd/rSOq3iG+6uIN7T6r35gNTTlPrfuLZMFz5NQEScaD6dRkE0v2FEg\u003d\u003d",
    "destinatarios": [
      {
        "nombre": "bli"
      }
    ],
    "group": "genial"
  },
  {
    "texto": "YumCxP27N-JfKm6Z5CO7a0aRN2ZZOqd7xnxDJ0q5XuiNrG4vP1oWRDdPs7IWAIBC6GG7Stw\u003d",
    "fecha": "2024-11-23T23:32:41.145106100",
    "owner": {
      "nombre": "blau"
    },
    "firma": "MIGHAkEQVoQRZD2unFwVedR5gYtV9wopiM5BVNvmugzyD9wPyP16uF27Vl5HHnPQwXM3zIx4RIzPK59ckG8lxmSAj1oRPwJCAefiD2QwxyWH4aRGMvoXtPFv1NcKacDMqk4NbB1xGBruhvQsfHqFko7wNMdtAJxE1hMIstY2xMi6hbxb1EPAm1hM",
    "destinatarios": [
      {
        "nombre": "bli"
      },
      {
        "nombre": "blau"
      }
    ],
    "group": "genial"
  },
  {
    "texto": "m9q1Ro5I7i7dDrKjezy5YGp3_bg6LmRWnVneDj64qa2AuNZoQFw1dZdtNohQ0zmfAqFEXYGi",
    "fecha": "2024-11-24T12:57:11.566181400",
    "owner": {
      "nombre": "bli"
    },
    "firma": "MIGIAkIAkx7145stz5hdxYEh37eypQww04IoRRTTbLf0RYidNMweqOFIv1FVif8YggOYx76bh0BujZhbBY+kPay7CCidbUoCQgG1V04UWmtWLauuOgRvmRSj93eOoPKGEWNXqB2YoIUMeqSnm1G+t/a64ue2gbA3HX0GaxFKxCBuuOroQ5g3Ubr1iA\u003d\u003d",
    "destinatarios": [
      {
        "nombre": "blu"
      },
      {
        "nombre": "bla"
      },
      {
        "nombre": "ble"
      },
      {
        "nombre": "bli"
      }
    ],
    "group": "blabla"
  },
  {
    "texto": "OwmPlHG9rTvuzTp0b3l2gmvL1NpT5oZ81fEWrAqxQr2LB0IKIkk2sQ63L__NJGJ-uw1bzm7dJ-s\u003d",
    "fecha": "2024-11-24T14:02:30.821498600",
    "owner": {
      "nombre": "bly"
    },
    "firma": "MIGHAkFFMnQaqK846Q+EUhAt4Zl9OWTCu7eh9TMWqg6ef2yPbFTA5R5GN5P+LAtojDXdw0WMRNU1ai1w7vLKp5k3vJTbRAJCAWAeYnguBicoEF5eb5UQW5QE1LjnM9YwjToAzfP83HSKSuI8gnv+8MnZOqJXxpE+KcsjC84dm0HWjn62oTmsrWk6",
    "destinatarios": [
      {
        "nombre": "bli"
      },
      {
        "nombre": "blau"
      },
      {
        "nombre": "bly"
      }
    ],
    "group": "genial"
  },
  {
    "texto": "yUfhs3wha0gIL_dXSn0YncaAK3hacFOfiWjhz4cYjbpzzI9hfqxAzYOrrL2X1rLJUHQIqNU\u003d",
    "fecha": "2024-11-24T18:57:58.815097500",
    "owner": {
      "nombre": "bly"
    },
    "firma": "MIGIAkIArMdVpF7+hf6khFl3+PqdbGZuenNvpX8gK1iZ1j9dCiEZolOGawTj4sYT65TzblSFsLYd+IfpVeSAqmunhIutNPYCQgCtWWUqqMlcW9OvqGZNynGACoE3eplUr4UBX8rImMWZ8VlBTtHtB94DgH+xjVgcz7jVRB5QJzx+o7jffcWs09js3g\u003d\u003d",
    "destinatarios": [
      {
        "nombre": "bli"
      },
      {
        "nombre": "bly"
      }
    ],
    "group": "genial2"
  },
  {
    "texto": "eb7g_MeMs-6rOGoqwUtU1TiJMqobwTQ9-eTU3jIWxZ2JhedAHCYoKYzVwBPCZmeIZ8N-94lKAi9f",
    "fecha": "2024-11-24T20:33:43.021775800",
    "owner": {
      "nombre": "bliu"
    },
    "firma": "MIGIAkIB6++HMX8F5RhYKr4uClh/fPvsAfccmwOOhifsYufnyapwWjqrCDQps2P/hicaQT870n72hVvlkw2i/FH0QPsv8qACQgH1F5AKo1EqYT+/pWfIlaqB/E/5O7mQ3VxCcCYZQo/3Dg037ELjNful7Coe2ejebNJ7uQ2uIhT6gqkAUa4d0Wz3ig\u003d\u003d",
    "destinatarios": [
      {
        "nombre": "bli"
      },
      {
        "nombre": "blau"
      },
      {
        "nombre": "bly"
      },
      {
        "nombre": "blu"
      }
    ],
    "group": "genial"
  },
  {
    "texto": "I1MIKJ_DXtIjnUUZ3UQmvxIx_-F0Ee3pQmPN4GHpczvCLk4dBFIip9OxG5YPsTiY9_o\u003d",
    "fecha": "2024-11-24T20:33:50.789400100",
    "owner": {
      "nombre": "bliu"
    },
    "firma": "MIGHAkIAzd4UYbBayzOSWWA6OYFk8nIo2EbiVq9WA5Kt8YFZDCs+bHM6nyM07mI7lD9thbHxC51TKNo3LGgrPl1K4VJKCRoCQTE7RpfgvY8slSYpNaobHtgTn0AQDlJvg5xXqs1RuylS78Xr6oM9Gxtua3f5RfqKnkjMxXwGkikfbS/ytEyhDYR+",
    "destinatarios": [
      {
        "nombre": "bli"
      },
      {
        "nombre": "blau"
      },
      {
        "nombre": "bly"
      },
      {
        "nombre": "blu"
      }
    ],
    "group": "genial"
  },
  {
    "texto": "kiliGOfXIu2BuCYC81UEVc4L7ER4lcmQgDLAScty1J2COVoQef1dl73i3_GLXQrx",
    "fecha": "2024-11-24T23:02:34.998028700",
    "owner": {
      "nombre": "pal"
    },
    "firma": "MIGHAkEdDkGcXE1cxiTJ3zF+lw5kQ8F13JYc8voaTaJQc1iyyRfWBqCvI+WWEwZnRBy5VzJbec8MilCusm8fdkVtGFRr9AJCAUvGM/k0tQ1NnqIi+GNUKTqCHUoca+BinkJ89sf84UpNwrntiIKeajQZ4l7Bife4cAZfUZEoIuzR0D81JKAEYMuh",
    "destinatarios": [
      {
        "nombre": "pal"
      }
    ],
    "group": "palpublico"
  },
  {
    "texto": "SFjKugv589Vc8S9uQwg9ftA7ICHnI-E99xafyy_GvHW_TzboABvIaobbn0WgSTHV",
    "fecha": "2024-11-24T23:13:06.580942300",
    "owner": {
      "nombre": "blu"
    },
    "firma": "MIGHAkIB345gwWYo9Q9S8dPn7pfiBtwXmTUdWCgagKDxUmbT9nqyRE4Jd+E9BFr9zwLKl471soNQwPYAZEe+GgMmrzCACi8CQX3th4staTVj5CsFlBJezcbmC2omgSlXvTgUVxc0JACxi5T5LynaxKbfHDjISttMBPPDX9knI0qny598V89WUyY1",
    "destinatarios": [
      {
        "nombre": "blu"
      }
    ],
    "group": "blable"
  },
  {
    "texto": "M1OcBu4p7AtqI-CF_F-5nWBoBus3kH_poiO78JF0vaRdjEcHPoie7o3PqIHyuqUPucU\u003d",
    "fecha": "2024-11-24T23:14:09.648017800",
    "owner": {
      "nombre": "blau"
    },
    "firma": "MIGHAkFcgXGeNM3RXe8WpfYXVDOyXI2yADH9ZwshsLuLDVMLmmu49PqBtAsg++eX2+DefrZ2HcoXMoBVq1a+j8upkCatiQJCAZVGj7ROkQoou1k7zh1vjHsNoyxX9q/RaCboQiyMkQwJOwXNtjcooDWuSC8eiTSxgk+bCl9vH/UDZo2xS5USXJbp",
    "destinatarios": [
      {
        "nombre": "blu"
      },
      {
        "nombre": "bla"
      },
      {
        "nombre": "ble"
      },
      {
        "nombre": "bli"
      },
      {
        "nombre": "bly"
      },
      {
        "nombre": "blo"
      },
      {
        "nombre": "bliu"
      }
    ],
    "group": "blabla"
  },
  {
    "texto": "volxA4M8ULPzswR6YcZAyH4jYxfNrcUDjzrqLmrOPoAdKX4qB14vHM3MygBzaXk\u003d",
    "fecha": "2024-11-24T23:47:43.039893400",
    "owner": {
      "nombre": "bli"
    },
    "firma": "MIGIAkIB9ssLhObi9hwsZ93Qoq1VPjsNrm1Eay5TJ3ZFH8+IQsosTzPc+jhwvsSxPJmvcTiN+7RvR+fE4Iad+NX867ijehACQgHm9sDOKuAsf6edZgVOh1d+PCGaOtJ9tp3x6A9KZjYqVJRKFGZ+u0pwe1ME0MZR4VeOlEIDFwGLLsH+2LCkqAtUvg\u003d\u003d",
    "destinatarios": [
      {
        "nombre": "blu"
      },
      {
        "nombre": "bla"
      },
      {
        "nombre": "ble"
      },
      {
        "nombre": "bli"
      },
      {
        "nombre": "bly"
      },
      {
        "nombre": "blo"
      },
      {
        "nombre": "bliu"
      },
      {
        "nombre": "blau"
      },
      {
        "nombre": "juan"
      },
      {
        "nombre": "juanca"
      }
    ],
    "group": "blabla"
  },
  {
    "texto": "O2L2EelVMMD63RGJUMfpZWhVByvPc3cHRTQZLpPBqtqUTLRJmyBki4HZ6mzZdNfx",
    "fecha": "2024-11-24T23:53:01.948997600",
    "owner": {
      "nombre": "juanca"
    },
    "firma": "MIGIAkIAzZMkkG5GBiBGtFDtCMaHL1/PrvarW2wsnh4aq1Hv7thRE/sMu5XPDvw9gK1lvTyfwS6TywT3iT6UNX/U9NGorkwCQgHdqNTpoSaCgs9Trqd+/5TmFfZLP6DrkpNQBiz68ufbRm7GpXHLmRTvmGKV0hQD9Kvk0mRGzpaFuqN7rwo+Rsm1IQ\u003d\u003d",
    "destinatarios": [
      {
        "nombre": "pal"
      },
      {
        "nombre": "juanca"
      }
    ],
    "group": "palpublico"
  }
]