[
  {
    "participantes": [
      {
        "nombre": "ble"
      },
      {
        "nombre": "bli"
      },
      {
        "nombre": "blo"
      },
      {
        "nombre": "bla"
      },
      {
        "nombre": "juanca"
      }
    ],
    "nombre": "secreto",
    "administrador": {
      "nombre": "ble"
    },
    "fechaCreacion": "2024-11-19T17:09:30.769592100"
  },
  {
    "participantes": [
      {
        "nombre": "bli"
      },
      {
        "nombre": "blo"
      },
      {
        "nombre": "bla"
      },
      {
        "nombre": "blau"
      }
    ],
    "nombre": "mesi",
    "administrador": {
      "nombre": "bli"
    },
    "fechaCreacion": "2024-11-23T20:22:14.242060100"
  },
  {
    "participantes": [
      {
        "nombre": "bli"
      }
    ],
    "nombre": "secreto2",
    "administrador": {
      "nombre": "bli"
    },
    "fechaCreacion": "2024-11-24T13:35:50.373819500"
  },
  {
    "participantes": [
      {
        "nombre": "bliu"
      },
      {
        "nombre": "bli"
      },
      {
        "nombre": "blu"
      }
    ],
    "nombre": "secretobliu",
    "administrador": {
      "nombre": "bliu"
    },
    "fechaCreacion": "2024-11-24T20:38:42.303668600"
  },
  {
    "participantes": [
      {
        "nombre": "pal"
      },
      {
        "nombre": "bla"
      },
      {
        "nombre": "ble"
      }
    ],
    "nombre": "palsecreto",
    "administrador": {
      "nombre": "pal"
    },
    "fechaCreacion": "2024-11-24T23:02:44.031563300"
  }
]