[
  {
    "participantes": [
      {
        "nombre": "blu"
      },
      {
        "nombre": "bla"
      },
      {
        "nombre": "ble"
      },
      {
        "nombre": "bli"
      },
      {
        "nombre": "bly"
      },
      {
        "nombre": "blo"
      },
      {
        "nombre": "bliu"
      },
      {
        "nombre": "blau"
      },
      {
        "nombre": "juan"
      },
      {
        "nombre": "juanca"
      }
    ],
    "nombre": "blabla",
    "password": "$2a$10$yCZomXYKFBRPK/e4DV3jg.NUR6OemJ0aLkpwGsxS/VurgdyOTG7he",
    "administrador": {
      "nombre": "blu"
    },
    "fechaCreacion": "2024-11-19T17:01:29.474513"
  },
  {
    "participantes": [
      {
        "nombre": "blu"
      },
      {
        "nombre": "bla"
      }
    ],
    "nombre": "blable",
    "password": "$2a$10$Gja5.fNlX6i8qCihlghvtuTuPIp0WFd8.vJf59myjgVJKNib7HTXm",
    "administrador": {
      "nombre": "blu"
    },
    "fechaCreacion": "2024-11-19T17:02:50.274172100"
  },
  {
    "participantes": [
      {
        "nombre": "bli"
      },
      {
        "nombre": "blau"
      },
      {
        "nombre": "bly"
      },
      {
        "nombre": "blu"
      },
      {
        "nombre": "bliu"
      },
      {
        "nombre": "pal"
      },
      {
        "nombre": "juan"
      },
      {
        "nombre": "juanca"
      }
    ],
    "nombre": "genial",
    "password": "$2a$10$s9BsYhcs51j1/I3HYwKFiOZWkaVLGDmz6Tv/SbXrwQSCrzp/onDPG",
    "administrador": {
      "nombre": "bli"
    },
    "fechaCreacion": "2024-11-23T20:17:39.754725"
  },
  {
    "participantes": [
      {
        "nombre": "bli"
      },
      {
        "nombre": "bly"
      },
      {
        "nombre": "juan"
      },
      {
        "nombre": "juanca"
      }
    ],
    "nombre": "genial2",
    "password": "$2a$10$CMOVDidx3PmAMJxE8idJpeh6W8aImSr2ybNHbhOCKGmVV//ik9JJW",
    "administrador": {
      "nombre": "bli"
    },
    "fechaCreacion": "2024-11-24T13:34:44.519311400"
  },
  {
    "participantes": [
      {
        "nombre": "bli"
      },
      {
        "nombre": "bla"
      },
      {
        "nombre": "juan"
      },
      {
        "nombre": "juanca"
      }
    ],
    "nombre": "genial3",
    "password": "$2a$10$m6lrdUD4IiqwxaM3OcPsfOB04/Vp8KufE7Zq5BDcahU9WEm8PGu9i",
    "administrador": {
      "nombre": "bli"
    },
    "fechaCreacion": "2024-11-24T13:34:57.675325200"
  },
  {
    "participantes": [
      {
        "nombre": "bly"
      }
    ],
    "nombre": "genial4",
    "password": "$2a$10$DmviMFfFJLcr.rnC4TKIF.uvw1cN0J.MA0YIA2S1XmSchqST0CzDm",
    "administrador": {
      "nombre": "bly"
    },
    "fechaCreacion": "2024-11-24T18:46:17.326306600"
  },
  {
    "participantes": [
      {
        "nombre": "pal"
      },
      {
        "nombre": "juanca"
      }
    ],
    "nombre": "palpublico",
    "password": "$2a$10$ADTF3GPaAAearpB3xP6/m.4XVf7Kqnh21iMB8gV3u4pK4IhS.DFYS",
    "administrador": {
      "nombre": "pal"
    },
    "fechaCreacion": "2024-11-24T23:02:17.779378700"
  }
]