[
  {
    "nombre": "usuarioa",
    "password": "passworda"
  },
  {
    "nombre": "usuario1",
    "password": "password1"
  },
  {
    "nombre": "usuario2",
    "password": "password2"
  },
  {
    "nombre": "usuario3",
    "password": "password3"
  },
  {
    "nombre": "usuario4",
    "password": "password4"
  },
  {
    "nombre": "usuario5",
    "password": "password5"
  },
  {
    "nombre": "usuario6",
    "password": "password6"
  },
  {
    "nombre": "usuario7",
    "password": "password7"
  },
  {
    "nombre": "usuario8",
    "password": "passworde"
  },
  {
    "nombre": "user1",
    "password": "1234"
  },
  {
    "nombre": "user2",
    "password": "1234"
  },
  {
    "nombre": "user3",
    "password": "1234"
  },
  {
    "nombre": "user4",
    "password": "5678"
  },
  {
    "nombre": "user5",
    "password": "5678"
  },
  {
    "nombre": "user6",
    "password": "5678"
  },
  {
    "nombre": "user7",
    "password": "9012"
  },
  {
    "nombre": "user8",
    "password": "9012"
  },
  {
    "nombre": "user9",
    "password": "9012"
  },
  {
    "nombre": "user10",
    "password": "1111"
  },
  {
    "nombre": "user11",
    "password": "1111"
  },
  {
    "nombre": "user12",
    "password": "1111"
  },
  {
    "nombre": "user13",
    "password": "2222"
  },
  {
    "nombre": "user14",
    "password": "2222"
  },
  {
    "nombre": "user15",
    "password": "2222"
  },
  {
    "nombre": "user16",
    "password": "3333"
  },
  {
    "nombre": "user17",
    "password": "3333"
  },
  {
    "nombre": "user18",
    "password": "3333"
  },
  {
    "nombre": "user19",
    "password": "4444"
  },
  {
    "nombre": "user20",
    "password": "4444"
  },
  {
    "nombre": "user21",
    "password": "4444"
  },
  {
    "nombre": "user22",
    "password": "5555"
  },
  {
    "nombre": "user23",
    "password": "5555"
  },
  {
    "nombre": "user24",
    "password": "5555"
  },
  {
    "nombre": "user25",
    "password": "6666"
  },
  {
    "nombre": "user26",
    "password": "6666"
  },
  {
    "nombre": "user27",
    "password": "6666"
  },
  {
    "nombre": "user28",
    "password": "7777"
  },
  {
    "nombre": "user29",
    "password": "7777"
  },
  {
    "nombre": "user30",
    "password": "7777"
  },
  {
    "nombre": "adrian",
    "password": "messi"
  },
  {
    "nombre": "toreto",
    "password": "toreto"
  },
  {
    "nombre": "holaa",
    "password": "holaa"
  },
  {
    "nombre": "asdas",
    "password": "asdas"
  },
  {
    "nombre": "alah",
    "password": "alah"
  },
  {
    "nombre": "venga",
    "password": "venga"
  },
  {
    "nombre": "javacito",
    "password": "javacito"
  },
  {
    "nombre": "javacote",
    "password": "javacote"
  },
  {
    "nombre": "botella",
    "password": "botella"
  },
  {
    "nombre": "final",
    "password": "final"
  },
  {
    "nombre": "final2",
    "password": "final2"
  },
  {
    "nombre": "root",
    "password": "root"
  },
  {
    "nombre": "barcelona",
    "password": "mejorclub"
  }
]