<?xml version="1.0" encoding="UTF-8" standalone="yes"?>
<medRecords>
    <medRecord>
        <id>1</id>
        <idPatient>1</idPatient>
        <doctor>1</doctor>
        <diagnosis>Diabetes</diagnosis>
        <date>01/01/2009</date>
        <medications>
            <medication>Insulin</medication>
            <medication>Glyburide</medication>
        </medications>
    </medRecord>
    <medRecord>
        <id>2</id>
        <idPatient>1</idPatient>
        <doctor>1</doctor>
        <diagnosis>High Blood Pressure</diagnosis>
        <date>01/01/2009</date>
        <medications>
            <medication>Hydrochlorothiazide</medication>
        </medications>
    </medRecord>
    <medRecord>
        <id>2</id>
        <idPatient>1</idPatient>
        <doctor>4</doctor>
        <diagnosis>asdasd</diagnosis>
        <date>17/10/2024</date>
        <medications>
            <medication>Penicilina</medication>
        </medications>
    </medRecord>
    <medRecord>
        <id>2</id>
        <idPatient>1</idPatient>
        <doctor>3</doctor>
        <diagnosis>asdasdasdasdsadasdasdasd</diagnosis>
        <date>25/10/2024</date>
        <medications>
            <medication>Tylenol</medication>
            <medication>Insulin</medication>
        </medications>
    </medRecord>
    <medRecord>
        <id>2</id>
        <idPatient>1</idPatient>
        <doctor>1</doctor>
        <diagnosis>asdasdasdasd</diagnosis>
        <date>12/10/2024</date>
        <medications>
            <medication>Tylenol</medication>
            <medication>Penicilina</medication>
        </medications>
    </medRecord>
    <medRecord>
        <id>3</id>
        <idPatient>1</idPatient>
        <doctor>3</doctor>
        <diagnosis>asdasdasdasd</diagnosis>
        <date>13/10/2024</date>
        <medications>
            <medication>Tylenol</medication>
            <medication>Penicilina</medication>
        </medications>
    </medRecord>
</medRecords>
