[
  {
    "participantes": [
      {
        "nombre": "first",
        "password": "$2a$10$IAOzIaEzqzoEsyxP8TtOs.UyrNm/5rjGx5xtKy5gjF/4MmnMLM3Rq"
      }
    ],
    "nombre": "first",
    "password": "$2a$10$I9GhE6f1h/IT7l21DgkCN.rontkHIBYKOo1GErvsjfO/KcohXshZK",
    "administrador": {
      "nombre": "adrian",
      "password": "$2a$10$w5QTtBAT89vrvgtz4Mf9G.JWAflHmKUhH62j1rn2m9TWFFvtraTRm"
    },
    "publico": true,
    "fechaCreacion": "2024-10-26T00:26:17.802224500"
  },
  {
    "participantes": [
      {
        "nombre": "first",
        "password": "$2a$10$IAOzIaEzqzoEsyxP8TtOs.UyrNm/5rjGx5xtKy5gjF/4MmnMLM3Rq"
      }
    ],
    "nombre": "first2",
    "password": "$2a$10$smpRoSQMsNa2Kon2gCqwE.NgNgWUximRB1fYhyuMZOvmrnyFQXcs.",
    "administrador": {
      "nombre": "adrian",
      "password": "$2a$10$w5QTtBAT89vrvgtz4Mf9G.JWAflHmKUhH62j1rn2m9TWFFvtraTRm"
    },
    "publico": false,
    "fechaCreacion": "2024-10-26T00:26:22.491505400"
  },
  {
    "participantes": [
      {
        "nombre": "adrian",
        "password": "$2a$10$w5QTtBAT89vrvgtz4Mf9G.JWAflHmKUhH62j1rn2m9TWFFvtraTRm"
      }
    ],
    "nombre": "hola",
    "password": "$2a$10$rd4dDACeeQNNr2goAmO67uDjZ16q1LHnrmVNCse48vXLlG3trCgiG",
    "administrador": {
      "nombre": "first",
      "password": "$2a$10$IAOzIaEzqzoEsyxP8TtOs.UyrNm/5rjGx5xtKy5gjF/4MmnMLM3Rq"
    },
    "publico": true,
    "fechaCreacion": "2024-10-26T00:43:40.272066700"
  },
  {
    "participantes": [],
    "nombre": "grupoa",
    "password": "$2a$10$99UNBO3MXOPO1cAjNRTw.Os5JtKy18F5xpylGjKZWzQd5fzrW.jLW",
    "administrador": {
      "nombre": "first",
      "password": "$2a$10$IAOzIaEzqzoEsyxP8TtOs.UyrNm/5rjGx5xtKy5gjF/4MmnMLM3Rq"
    },
    "publico": true,
    "fechaCreacion": "2024-10-26T00:44:09.472170400"
  }
]