[
  {
    "participantes": [
      {
        "nombre": "cris",
        "password": "$2a$10$d40XGqS5iekp6POA.dH.5OyOEJ2U3SWPseGhAljZKsYH41YvHzW0C"
      }
    ],
    "nombre": "yamal",
    "password": "$2a$10$IIqq8baHhpOk2xiH4byQ3eSCmlDYAbQ2KUIMTLH21/uTSsaMGs/sy",
    "administrador": {
      "nombre": "cris",
      "password": "$2a$10$d40XGqS5iekp6POA.dH.5OyOEJ2U3SWPseGhAljZKsYH41YvHzW0C"
    },
    "publico": true,
    "fechaCreacion": "2024-11-06T18:26:52.373665700"
  },
  {
    "participantes": [
      {
        "nombre": "cris",
        "password": "$2a$10$d40XGqS5iekp6POA.dH.5OyOEJ2U3SWPseGhAljZKsYH41YvHzW0C"
      },
      {
        "nombre": "leo",
        "password": "$2a$10$FMqlUHiWL2dz.OI6BHFwF.fE7wkOfyIN7wjOSMgbIdmF7QM/2XK1K"
      },
      {
        "nombre": "pita",
        "password": "$2a$10$aGvLiA/ANbFSreUj5it63uMMn7NvcEHnfLljwHO3b7allv9BPwIvK"
      }
    ],
    "nombre": "clave",
    "password": "$2a$10$mTG0qBjVD.HgeYvG/v4vo.oU5khPZmIqSZIkLh2lPzsJW80n6kyq6",
    "administrador": {
      "nombre": "cris",
      "password": "$2a$10$d40XGqS5iekp6POA.dH.5OyOEJ2U3SWPseGhAljZKsYH41YvHzW0C"
    },
    "publico": true,
    "fechaCreacion": "2024-11-06T18:53:11.129395"
  },
  {
    "participantes": [
      {
        "nombre": "cris",
        "password": "$2a$10$d40XGqS5iekp6POA.dH.5OyOEJ2U3SWPseGhAljZKsYH41YvHzW0C"
      },
      {
        "nombre": "leo",
        "password": "$2a$10$FMqlUHiWL2dz.OI6BHFwF.fE7wkOfyIN7wjOSMgbIdmF7QM/2XK1K"
      },
      {
        "nombre": "pita",
        "password": "$2a$10$aGvLiA/ANbFSreUj5it63uMMn7NvcEHnfLljwHO3b7allv9BPwIvK"
      },
      {
        "nombre": "pute",
        "password": "$2a$10$O7RsVZdNk2e0hqoEMEgSwexh2L5tix9FArPsjBxISZptqzixzEHeu"
      },
      {
        "nombre": "adrian",
        "password": "$2a$10$673nj77gbSTKJsh6byRT/ORFA3edFl9WHwpDITcVkOuBCOV4xQiyq"
      }
    ],
    "nombre": "ajax",
    "administrador": {
      "nombre": "cris",
      "password": "$2a$10$d40XGqS5iekp6POA.dH.5OyOEJ2U3SWPseGhAljZKsYH41YvHzW0C"
    },
    "publico": false,
    "fechaCreacion": "2024-11-06T18:54:11.983132600"
  },
  {
    "participantes": [
      {
        "nombre": "pita",
        "password": "$2a$10$aGvLiA/ANbFSreUj5it63uMMn7NvcEHnfLljwHO3b7allv9BPwIvK"
      }
    ],
    "nombre": "fres",
    "password": "$2a$10$jcRTiFXy6kZfpZ./mf2JSOz/g4l.PFhU7cRYznSeNvHvSHBRatCi.",
    "administrador": {
      "nombre": "pita",
      "password": "$2a$10$aGvLiA/ANbFSreUj5it63uMMn7NvcEHnfLljwHO3b7allv9BPwIvK"
    },
    "publico": true,
    "fechaCreacion": "2024-11-06T19:15:53.394155400"
  },
  {
    "participantes": [
      {
        "nombre": "pita",
        "password": "$2a$10$aGvLiA/ANbFSreUj5it63uMMn7NvcEHnfLljwHO3b7allv9BPwIvK"
      },
      {
        "nombre": "cris",
        "password": "$2a$10$d40XGqS5iekp6POA.dH.5OyOEJ2U3SWPseGhAljZKsYH41YvHzW0C"
      }
    ],
    "nombre": "banana",
    "administrador": {
      "nombre": "pita",
      "password": "$2a$10$aGvLiA/ANbFSreUj5it63uMMn7NvcEHnfLljwHO3b7allv9BPwIvK"
    },
    "publico": false,
    "fechaCreacion": "2024-11-06T19:16:08.259754600"
  },
  {
    "participantes": [
      {
        "nombre": "cristiano",
        "password": "$2a$10$h/30ftLzUvk0uGKuI7n61utCPrbdv7CRmqMsXYab6TxOi23kYJDhy"
      }
    ],
    "nombre": "alnassr",
    "password": "$2a$10$L5sZEbp/W981SehkUepA5etY54djsrGbCA34jP5cMcQvpURtqz3kO",
    "administrador": {
      "nombre": "cristiano",
      "password": "$2a$10$h/30ftLzUvk0uGKuI7n61utCPrbdv7CRmqMsXYab6TxOi23kYJDhy"
    },
    "publico": true,
    "fechaCreacion": "2024-11-07T10:28:11.338449500"
  },
  {
    "participantes": [
      {
        "nombre": "cristiano",
        "password": "$2a$10$h/30ftLzUvk0uGKuI7n61utCPrbdv7CRmqMsXYab6TxOi23kYJDhy"
      }
    ],
    "nombre": "madrid",
    "administrador": {
      "nombre": "cristiano",
      "password": "$2a$10$h/30ftLzUvk0uGKuI7n61utCPrbdv7CRmqMsXYab6TxOi23kYJDhy"
    },
    "publico": false,
    "fechaCreacion": "2024-11-07T10:28:41.165325700"
  },
  {
    "participantes": [
      {
        "nombre": "fam",
        "password": "$2a$10$rH3F1eJlFp/RKQWKK2dU5.TOvQTlW9sTQpeGCJYvColWG2eI8SE.6"
      }
    ],
    "nombre": "ay",
    "password": "$2a$10$Qo6natGZjszyTKRggvyL3OKfkrcm6LiMTBOwK2FAEXSz0aKf4775i",
    "administrador": {
      "nombre": "fam",
      "password": "$2a$10$rH3F1eJlFp/RKQWKK2dU5.TOvQTlW9sTQpeGCJYvColWG2eI8SE.6"
    },
    "publico": true,
    "fechaCreacion": "2024-11-07T10:33:48.884804"
  },
  {
    "participantes": [
      {
        "nombre": "fam",
        "password": "$2a$10$rH3F1eJlFp/RKQWKK2dU5.TOvQTlW9sTQpeGCJYvColWG2eI8SE.6"
      },
      {
        "nombre": "cris",
        "password": "$2a$10$d40XGqS5iekp6POA.dH.5OyOEJ2U3SWPseGhAljZKsYH41YvHzW0C"
      }
    ],
    "nombre": "ayy",
    "administrador": {
      "nombre": "fam",
      "password": "$2a$10$rH3F1eJlFp/RKQWKK2dU5.TOvQTlW9sTQpeGCJYvColWG2eI8SE.6"
    },
    "publico": false,
    "fechaCreacion": "2024-11-07T10:34:00.082721900"
  }
]