[
  {
    "texto": "vDs1tIquSv3qFaSS8LAPyf3wKoXxS20uZTunoXjAOyAaLErL2QUm851yCcAKZ1iyLw4YYcn5zSdrHNV7z0c\u003d",
    "fecha": "2024-11-06T18:27:01.216017300",
    "owner": {
      "nombre": "cris",
      "password": "$2a$10$d40XGqS5iekp6POA.dH.5OyOEJ2U3SWPseGhAljZKsYH41YvHzW0C"
    },
    "destinatarios": [
      {
        "nombre": "cris",
        "password": "$2a$10$d40XGqS5iekp6POA.dH.5OyOEJ2U3SWPseGhAljZKsYH41YvHzW0C"
      }
    ],
    "group": "yamal"
  },
  {
    "texto": "pG6QEznltDAZBZp82QVOuJ5b2z8j1fCqgY-rnDrBin7aGhz43xU0qw8nc8I7c6s5Xthr8H-AxVI\u003d",
    "fecha": "2024-11-06T18:27:13.599060600",
    "owner": {
      "nombre": "cris",
      "password": "$2a$10$d40XGqS5iekp6POA.dH.5OyOEJ2U3SWPseGhAljZKsYH41YvHzW0C"
    },
    "destinatarios": [
      {
        "nombre": "cris",
        "password": "$2a$10$d40XGqS5iekp6POA.dH.5OyOEJ2U3SWPseGhAljZKsYH41YvHzW0C"
      }
    ],
    "group": "yamal"
  },
  {
    "texto": "fcfceHC3ayhmJknOJGD4R7aU9000Sbrl4oO64HTlRSIdZEh-zhDVRhz2H9Z98fd_G4j3",
    "fecha": "2024-11-06T18:27:43.679132200",
    "owner": {
      "nombre": "cris",
      "password": "$2a$10$d40XGqS5iekp6POA.dH.5OyOEJ2U3SWPseGhAljZKsYH41YvHzW0C"
    },
    "destinatarios": [
      {
        "nombre": "cris",
        "password": "$2a$10$d40XGqS5iekp6POA.dH.5OyOEJ2U3SWPseGhAljZKsYH41YvHzW0C"
      }
    ],
    "group": "yamal"
  },
  {
    "texto": "6NY2c-1P-ntL4xBYVCl0sZyrmyMDzTucnjFZlq3Sly0dA-TMJjC9EWa29vFANUXg-OT4DTY9eRZsbQ\u003d\u003d",
    "fecha": "2024-11-06T18:30:43.728474900",
    "owner": {
      "nombre": "cris",
      "password": "$2a$10$d40XGqS5iekp6POA.dH.5OyOEJ2U3SWPseGhAljZKsYH41YvHzW0C"
    },
    "destinatarios": [
      {
        "nombre": "cris",
        "password": "$2a$10$d40XGqS5iekp6POA.dH.5OyOEJ2U3SWPseGhAljZKsYH41YvHzW0C"
      }
    ],
    "group": "yamal"
  },
  {
    "texto": "8zsy9zG6gFzTs0qmR7Z_palKboy1r8jc5YQqsm4OC3MHR5zogKv4xX3pgxFW-jQM_Dg\u003d",
    "fecha": "2024-11-06T18:32:15.686832600",
    "owner": {
      "nombre": "cris",
      "password": "$2a$10$d40XGqS5iekp6POA.dH.5OyOEJ2U3SWPseGhAljZKsYH41YvHzW0C"
    },
    "destinatarios": [
      {
        "nombre": "cris",
        "password": "$2a$10$d40XGqS5iekp6POA.dH.5OyOEJ2U3SWPseGhAljZKsYH41YvHzW0C"
      }
    ],
    "group": "yamal"
  },
  {
    "texto": "ara2Q9NipZoNsdKS3oTitwGokZWccAROw67nP1W2SLUOjtyUf5Un1ziHwKuQ09jc9UDFagw\u003d",
    "fecha": "2024-11-06T18:32:41.471132400",
    "owner": {
      "nombre": "cris",
      "password": "$2a$10$d40XGqS5iekp6POA.dH.5OyOEJ2U3SWPseGhAljZKsYH41YvHzW0C"
    },
    "destinatarios": [
      {
        "nombre": "cris",
        "password": "$2a$10$d40XGqS5iekp6POA.dH.5OyOEJ2U3SWPseGhAljZKsYH41YvHzW0C"
      }
    ],
    "group": "yamal"
  },
  {
    "texto": "dTs2hIZKVXA0-KsNh2yGpntSa52ldptt1tnbMe2h1z7G9d5dqappFZsWqHyjuEja56Mwv5E\u003d",
    "fecha": "2024-11-06T18:51:40.921116",
    "owner": {
      "nombre": "cris",
      "password": "$2a$10$d40XGqS5iekp6POA.dH.5OyOEJ2U3SWPseGhAljZKsYH41YvHzW0C"
    },
    "destinatarios": [
      {
        "nombre": "cris",
        "password": "$2a$10$d40XGqS5iekp6POA.dH.5OyOEJ2U3SWPseGhAljZKsYH41YvHzW0C"
      }
    ],
    "group": "yamal"
  },
  {
    "texto": "LeQpKKGeje2Hb12S3X4IGacqhJxIfyiWmimbvnLswRWDuUav5jsCajnBKU0WCvQl3pPqK4E\u003d",
    "fecha": "2024-11-06T18:51:43.841126500",
    "owner": {
      "nombre": "cris",
      "password": "$2a$10$d40XGqS5iekp6POA.dH.5OyOEJ2U3SWPseGhAljZKsYH41YvHzW0C"
    },
    "destinatarios": [
      {
        "nombre": "cris",
        "password": "$2a$10$d40XGqS5iekp6POA.dH.5OyOEJ2U3SWPseGhAljZKsYH41YvHzW0C"
      }
    ],
    "group": "yamal"
  },
  {
    "texto": "SveFNtSsba8eV9gIEKTdPben-L20Fbqu_5s3ypaIiG0GxgaJn_Jb5oEGKZTYwrZv4Uh1hwlGzwhYXIoY4KlD",
    "fecha": "2024-11-06T18:52:05.001144100",
    "owner": {
      "nombre": "cris",
      "password": "$2a$10$d40XGqS5iekp6POA.dH.5OyOEJ2U3SWPseGhAljZKsYH41YvHzW0C"
    },
    "destinatarios": [
      {
        "nombre": "cris",
        "password": "$2a$10$d40XGqS5iekp6POA.dH.5OyOEJ2U3SWPseGhAljZKsYH41YvHzW0C"
      }
    ],
    "group": "yamal"
  },
  {
    "texto": "tUXzztLz8TP5EpIz8X9a1wSpLxtDOzkm5d9i1ulEiq7IHkQ5Q6nBINTljFueyAOBjkEfsfry6taekg\u003d\u003d",
    "fecha": "2024-11-06T18:53:22.378716",
    "owner": {
      "nombre": "cris",
      "password": "$2a$10$d40XGqS5iekp6POA.dH.5OyOEJ2U3SWPseGhAljZKsYH41YvHzW0C"
    },
    "destinatarios": [
      {
        "nombre": "cris",
        "password": "$2a$10$d40XGqS5iekp6POA.dH.5OyOEJ2U3SWPseGhAljZKsYH41YvHzW0C"
      }
    ],
    "group": "clave"
  },
  {
    "texto": "bS6YWEJnyGjQhfX_nJiUvBlQVfatzlNACEcKv5bv4CC0DYnn-VK8uScgjR45eXWHYw\u003d\u003d",
    "fecha": "2024-11-06T18:53:26.171414900",
    "owner": {
      "nombre": "cris",
      "password": "$2a$10$d40XGqS5iekp6POA.dH.5OyOEJ2U3SWPseGhAljZKsYH41YvHzW0C"
    },
    "destinatarios": [
      {
        "nombre": "cris",
        "password": "$2a$10$d40XGqS5iekp6POA.dH.5OyOEJ2U3SWPseGhAljZKsYH41YvHzW0C"
      }
    ],
    "group": "clave"
  },
  {
    "texto": "H5Gls2NIUlcKM6Qv15YOSLlQUHXjEuX5NNyKWCCQAkd5ciWNs20HmVRhsazZ-NZwl5X_",
    "fecha": "2024-11-06T18:54:24.428215",
    "owner": {
      "nombre": "cris",
      "password": "$2a$10$d40XGqS5iekp6POA.dH.5OyOEJ2U3SWPseGhAljZKsYH41YvHzW0C"
    },
    "destinatarios": [
      {
        "nombre": "cris",
        "password": "$2a$10$d40XGqS5iekp6POA.dH.5OyOEJ2U3SWPseGhAljZKsYH41YvHzW0C"
      }
    ],
    "group": "ajax"
  },
  {
    "texto": "03Nz3G7Dt8BiYDagyTzOTWSOoEA3LeaZ02RXt_V_ELULwDdyS1rPxLL9Lgxid5Y\u003d",
    "fecha": "2024-11-06T18:55:50.938858800",
    "owner": {
      "nombre": "leo",
      "password": "$2a$10$FMqlUHiWL2dz.OI6BHFwF.fE7wkOfyIN7wjOSMgbIdmF7QM/2XK1K"
    },
    "destinatarios": [
      {
        "nombre": "cris",
        "password": "$2a$10$d40XGqS5iekp6POA.dH.5OyOEJ2U3SWPseGhAljZKsYH41YvHzW0C"
      },
      {
        "nombre": "leo",
        "password": "$2a$10$FMqlUHiWL2dz.OI6BHFwF.fE7wkOfyIN7wjOSMgbIdmF7QM/2XK1K"
      }
    ],
    "group": "clave"
  },
  {
    "texto": "LT6HgIaeVyXEO2MUzDfaPCxilAXyFapAImtyyi2eTyVG739wXrBOmas5dQ7IxUHV",
    "fecha": "2024-11-06T18:56:37.206395",
    "owner": {
      "nombre": "leo",
      "password": "$2a$10$FMqlUHiWL2dz.OI6BHFwF.fE7wkOfyIN7wjOSMgbIdmF7QM/2XK1K"
    },
    "destinatarios": [
      {
        "nombre": "cris",
        "password": "$2a$10$d40XGqS5iekp6POA.dH.5OyOEJ2U3SWPseGhAljZKsYH41YvHzW0C"
      },
      {
        "nombre": "leo",
        "password": "$2a$10$FMqlUHiWL2dz.OI6BHFwF.fE7wkOfyIN7wjOSMgbIdmF7QM/2XK1K"
      }
    ],
    "group": "ajax"
  },
  {
    "texto": "Wg0byjy6tpoxTUdG72xs-f4tF1_T7BiaGAMOFJIKLGFebm8dJfuRRKuo2SgylY2unmO-NgciUg\u003d\u003d",
    "fecha": "2024-11-06T19:09:36.945359800",
    "owner": {
      "nombre": "pita",
      "password": "$2a$10$aGvLiA/ANbFSreUj5it63uMMn7NvcEHnfLljwHO3b7allv9BPwIvK"
    },
    "destinatarios": [
      {
        "nombre": "cris",
        "password": "$2a$10$d40XGqS5iekp6POA.dH.5OyOEJ2U3SWPseGhAljZKsYH41YvHzW0C"
      },
      {
        "nombre": "leo",
        "password": "$2a$10$FMqlUHiWL2dz.OI6BHFwF.fE7wkOfyIN7wjOSMgbIdmF7QM/2XK1K"
      },
      {
        "nombre": "pita",
        "password": "$2a$10$aGvLiA/ANbFSreUj5it63uMMn7NvcEHnfLljwHO3b7allv9BPwIvK"
      }
    ],
    "group": "clave"
  },
  {
    "texto": "TMVCgVIghFs2Ex8LgwUQNsHPMukbHWWIX8QbY9E6dtGnBxOMqK7qyyMn4QAOcmRGYA\u003d\u003d",
    "fecha": "2024-11-06T19:15:40.579557600",
    "owner": {
      "nombre": "pita",
      "password": "$2a$10$aGvLiA/ANbFSreUj5it63uMMn7NvcEHnfLljwHO3b7allv9BPwIvK"
    },
    "destinatarios": [
      {
        "nombre": "cris",
        "password": "$2a$10$d40XGqS5iekp6POA.dH.5OyOEJ2U3SWPseGhAljZKsYH41YvHzW0C"
      },
      {
        "nombre": "leo",
        "password": "$2a$10$FMqlUHiWL2dz.OI6BHFwF.fE7wkOfyIN7wjOSMgbIdmF7QM/2XK1K"
      },
      {
        "nombre": "pita",
        "password": "$2a$10$aGvLiA/ANbFSreUj5it63uMMn7NvcEHnfLljwHO3b7allv9BPwIvK"
      }
    ],
    "group": "clave"
  },
  {
    "texto": "FrUyS1nU4FKpBUxHxdzUJEys-PzflBXG0bxJG2VlfPTQ6jiDJG2hLnehoapLGtxR",
    "fecha": "2024-11-06T19:16:00.994058800",
    "owner": {
      "nombre": "pita",
      "password": "$2a$10$aGvLiA/ANbFSreUj5it63uMMn7NvcEHnfLljwHO3b7allv9BPwIvK"
    },
    "destinatarios": [
      {
        "nombre": "pita",
        "password": "$2a$10$aGvLiA/ANbFSreUj5it63uMMn7NvcEHnfLljwHO3b7allv9BPwIvK"
      }
    ],
    "group": "fres"
  },
  {
    "texto": "qk31Y915NXpEVtYX3FptPrbaUr6CWoxODVQTppwZlguisqqZbfbaKaHrbPvwFYWZZg\u003d\u003d",
    "fecha": "2024-11-06T19:16:11.146495700",
    "owner": {
      "nombre": "pita",
      "password": "$2a$10$aGvLiA/ANbFSreUj5it63uMMn7NvcEHnfLljwHO3b7allv9BPwIvK"
    },
    "destinatarios": [
      {
        "nombre": "pita",
        "password": "$2a$10$aGvLiA/ANbFSreUj5it63uMMn7NvcEHnfLljwHO3b7allv9BPwIvK"
      }
    ],
    "group": "banana"
  },
  {
    "texto": "kPiCieHRGmikBv1PDZ4W-Nn_ZGI-aPv7hsf1rL-8j7ia-17jRaf51oTy1_mhRfiJaIshiIAannE\u003d",
    "fecha": "2024-11-06T19:20:32.595415",
    "owner": {
      "nombre": "cris",
      "password": "$2a$10$d40XGqS5iekp6POA.dH.5OyOEJ2U3SWPseGhAljZKsYH41YvHzW0C"
    },
    "destinatarios": [
      {
        "nombre": "cris",
        "password": "$2a$10$d40XGqS5iekp6POA.dH.5OyOEJ2U3SWPseGhAljZKsYH41YvHzW0C"
      }
    ],
    "group": "yamal"
  },
  {
    "texto": "XADRpEny1j1ygXelflagBwVW7NMqXdNLqzhjYmR32pKc05PGuniB1Lsdl4uCH1rHikh6uVDu3Q\u003d\u003d",
    "fecha": "2024-11-06T19:21:05.324368",
    "owner": {
      "nombre": "leo",
      "password": "$2a$10$FMqlUHiWL2dz.OI6BHFwF.fE7wkOfyIN7wjOSMgbIdmF7QM/2XK1K"
    },
    "destinatarios": [
      {
        "nombre": "cris",
        "password": "$2a$10$d40XGqS5iekp6POA.dH.5OyOEJ2U3SWPseGhAljZKsYH41YvHzW0C"
      },
      {
        "nombre": "leo",
        "password": "$2a$10$FMqlUHiWL2dz.OI6BHFwF.fE7wkOfyIN7wjOSMgbIdmF7QM/2XK1K"
      },
      {
        "nombre": "pita",
        "password": "$2a$10$aGvLiA/ANbFSreUj5it63uMMn7NvcEHnfLljwHO3b7allv9BPwIvK"
      },
      {
        "nombre": "pute",
        "password": "$2a$10$O7RsVZdNk2e0hqoEMEgSwexh2L5tix9FArPsjBxISZptqzixzEHeu"
      }
    ],
    "group": "ajax"
  },
  {
    "texto": "9JVDO6AEu97xdX0rmK8cuvA4ZCGeOV_cQmjXwshK-vDlB6HpXWP486iw0oExO3Ba8xiJZOg\u003d",
    "fecha": "2024-11-06T19:21:11.994722600",
    "owner": {
      "nombre": "leo",
      "password": "$2a$10$FMqlUHiWL2dz.OI6BHFwF.fE7wkOfyIN7wjOSMgbIdmF7QM/2XK1K"
    },
    "destinatarios": [
      {
        "nombre": "cris",
        "password": "$2a$10$d40XGqS5iekp6POA.dH.5OyOEJ2U3SWPseGhAljZKsYH41YvHzW0C"
      },
      {
        "nombre": "leo",
        "password": "$2a$10$FMqlUHiWL2dz.OI6BHFwF.fE7wkOfyIN7wjOSMgbIdmF7QM/2XK1K"
      },
      {
        "nombre": "pita",
        "password": "$2a$10$aGvLiA/ANbFSreUj5it63uMMn7NvcEHnfLljwHO3b7allv9BPwIvK"
      }
    ],
    "group": "clave"
  },
  {
    "texto": "ML8SJKX4EYLHz4Yc6cTTJvGFidSqTHc8_Ebz4xpm9fs9e-ubz309aFdf8-_HXF8izToSQ77mAbw\u003d",
    "fecha": "2024-11-07T09:06:27.834482800",
    "owner": {
      "nombre": "cris",
      "password": "$2a$10$d40XGqS5iekp6POA.dH.5OyOEJ2U3SWPseGhAljZKsYH41YvHzW0C"
    },
    "destinatarios": [
      {
        "nombre": "cris",
        "password": "$2a$10$d40XGqS5iekp6POA.dH.5OyOEJ2U3SWPseGhAljZKsYH41YvHzW0C"
      }
    ],
    "group": "yamal"
  },
  {
    "texto": "BuFF-rA6AMed1iJV1RrjqspqfYNlchqMGDkOsGCojpHBiOU4JYT3HahSDnp0gq4otRSzD5HAIy2Cj_1APrsKBsSBXP6ojU8qhYQ\u003d",
    "fecha": "2024-11-07T09:06:35.247453500",
    "owner": {
      "nombre": "cris",
      "password": "$2a$10$d40XGqS5iekp6POA.dH.5OyOEJ2U3SWPseGhAljZKsYH41YvHzW0C"
    },
    "destinatarios": [
      {
        "nombre": "cris",
        "password": "$2a$10$d40XGqS5iekp6POA.dH.5OyOEJ2U3SWPseGhAljZKsYH41YvHzW0C"
      }
    ],
    "group": "yamal"
  },
  {
    "texto": "LhaF1Qmp0ClXZ4qto9a-YpDLVm5ovQyJQxe_Jag_cuA451y4SiznkiFrNOEtFgDnm3BDND-61TM\u003d",
    "fecha": "2024-11-07T10:28:23.974120400",
    "owner": {
      "nombre": "cristiano",
      "password": "$2a$10$h/30ftLzUvk0uGKuI7n61utCPrbdv7CRmqMsXYab6TxOi23kYJDhy"
    },
    "destinatarios": [
      {
        "nombre": "cristiano",
        "password": "$2a$10$h/30ftLzUvk0uGKuI7n61utCPrbdv7CRmqMsXYab6TxOi23kYJDhy"
      }
    ],
    "group": "alnassr"
  },
  {
    "texto": "nPqz1CF2ztB6zMtR6395hRKbvFuzaVtVvt_ZIPFRr5SCYWcBw_fSwApnlYwtmVVo",
    "fecha": "2024-11-07T10:28:26.149172900",
    "owner": {
      "nombre": "cristiano",
      "password": "$2a$10$h/30ftLzUvk0uGKuI7n61utCPrbdv7CRmqMsXYab6TxOi23kYJDhy"
    },
    "destinatarios": [
      {
        "nombre": "cristiano",
        "password": "$2a$10$h/30ftLzUvk0uGKuI7n61utCPrbdv7CRmqMsXYab6TxOi23kYJDhy"
      }
    ],
    "group": "alnassr"
  },
  {
    "texto": "FW-dy0c1zWS0qcFxXGn3lDf_8HlABdhtLFm2VenKTq3dCU9QBuuMcVmnrCILQX2LZMtwMg\u003d\u003d",
    "fecha": "2024-11-07T10:28:29.076595200",
    "owner": {
      "nombre": "cristiano",
      "password": "$2a$10$h/30ftLzUvk0uGKuI7n61utCPrbdv7CRmqMsXYab6TxOi23kYJDhy"
    },
    "destinatarios": [
      {
        "nombre": "cristiano",
        "password": "$2a$10$h/30ftLzUvk0uGKuI7n61utCPrbdv7CRmqMsXYab6TxOi23kYJDhy"
      }
    ],
    "group": "alnassr"
  },
  {
    "texto": "ulBTSTsHxgX-4VAqNUz1GqbLGIVDdOSgUM9LctM2GYnGcwMq4AyPk7g2JoFMQY752-Q\u003d",
    "fecha": "2024-11-07T10:28:46.547831400",
    "owner": {
      "nombre": "cristiano",
      "password": "$2a$10$h/30ftLzUvk0uGKuI7n61utCPrbdv7CRmqMsXYab6TxOi23kYJDhy"
    },
    "destinatarios": [
      {
        "nombre": "cristiano",
        "password": "$2a$10$h/30ftLzUvk0uGKuI7n61utCPrbdv7CRmqMsXYab6TxOi23kYJDhy"
      }
    ],
    "group": "madrid"
  },
  {
    "texto": "QKdPZYFMaCwxFpU5G6RQ4Jpp4XvUTpu1C3qcd8muKXBZ_PLQ6xtyPaOXfS6_BD4soPzNttMO",
    "fecha": "2024-11-07T10:34:26.830855700",
    "owner": {
      "nombre": "fam",
      "password": "$2a$10$rH3F1eJlFp/RKQWKK2dU5.TOvQTlW9sTQpeGCJYvColWG2eI8SE.6"
    },
    "destinatarios": [
      {
        "nombre": "fam",
        "password": "$2a$10$rH3F1eJlFp/RKQWKK2dU5.TOvQTlW9sTQpeGCJYvColWG2eI8SE.6"
      }
    ],
    "group": "ay"
  },
  {
    "texto": "4kMiEN6pSewB5uB96Upyg5_54vW6tfNyIQ2R1_76GiC3hYKcYutJoNUJkqosipGOAVODRfQ\u003d",
    "fecha": "2024-11-07T10:34:34.022130",
    "owner": {
      "nombre": "fam",
      "password": "$2a$10$rH3F1eJlFp/RKQWKK2dU5.TOvQTlW9sTQpeGCJYvColWG2eI8SE.6"
    },
    "destinatarios": [
      {
        "nombre": "fam",
        "password": "$2a$10$rH3F1eJlFp/RKQWKK2dU5.TOvQTlW9sTQpeGCJYvColWG2eI8SE.6"
      }
    ],
    "group": "ay"
  }
]