[
  {
    "nombre": "cris",
    "password": "$2a$10$d40XGqS5iekp6POA.dH.5OyOEJ2U3SWPseGhAljZKsYH41YvHzW0C"
  },
  {
    "nombre": "leo",
    "password": "$2a$10$FMqlUHiWL2dz.OI6BHFwF.fE7wkOfyIN7wjOSMgbIdmF7QM/2XK1K"
  },
  {
    "nombre": "pita",
    "password": "$2a$10$aGvLiA/ANbFSreUj5it63uMMn7NvcEHnfLljwHO3b7allv9BPwIvK"
  },
  {
    "nombre": "pute",
    "password": "$2a$10$O7RsVZdNk2e0hqoEMEgSwexh2L5tix9FArPsjBxISZptqzixzEHeu"
  },
  {
    "nombre": "cristiano",
    "password": "$2a$10$h/30ftLzUvk0uGKuI7n61utCPrbdv7CRmqMsXYab6TxOi23kYJDhy"
  },
  {
    "nombre": "messi",
    "password": "$2a$10$ewwe67JMArZtsXechfLwk.8/NkzHKeMzwrF8TSbnbdaTTuyDX467K"
  },
  {
    "nombre": "fam",
    "password": "$2a$10$rH3F1eJlFp/RKQWKK2dU5.TOvQTlW9sTQpeGCJYvColWG2eI8SE.6"
  }
]